{
  "A_d1.5": {
    "random": {
      "K": [
        0,
        20,
        50,
        100
      ],
      "mean": [
        0.9293750000000001,
        0.923125,
        0.92875,
        0.9225
      ],
      "std": [
        0.009374999999999967,
        0.015625,
        0.00874999999999998,
        0.01375000000000004
      ]
    },
    "H_pred": {
      "K": [
        0,
        20,
        50,
        100
      ],
      "mean": [
        0.9293750000000001,
        0.924375,
        0.9293750000000001,
        0.9293750000000001
      ],
      "std": [
        0.009374999999999967,
        0.013124999999999998,
        0.008124999999999993,
        0.004374999999999962
      ]
    },
    "BALD": {
      "K": [
        0,
        20,
        50,
        100
      ],
      "mean": [
        0.9293750000000001,
        0.9325,
        0.9299999999999999,
        0.926875
      ],
      "std": [
        0.009374999999999967,
        0.008750000000000036,
        0.007500000000000007,
        0.0068749999999999645
      ]
    },
    "info": {
      "base_target_acc_seed0": 0.93875,
      "base_target_acc_seed1": 0.92
    }
  },
  "A_d3.0": {
    "random": {
      "K": [
        0,
        20,
        50,
        100
      ],
      "mean": [
        0.9293750000000001,
        0.905625,
        0.9225,
        0.9237500000000001
      ],
      "std": [
        0.009374999999999967,
        0.03312499999999996,
        0.006249999999999978,
        0.013749999999999984
      ]
    },
    "H_pred": {
      "K": [
        0,
        20,
        50,
        100
      ],
      "mean": [
        0.9293750000000001,
        0.931875,
        0.93125,
        0.91625
      ],
      "std": [
        0.009374999999999967,
        0.0068749999999999645,
        0.006249999999999978,
        0.0050000000000000044
      ]
    },
    "BALD": {
      "K": [
        0,
        20,
        50,
        100
      ],
      "mean": [
        0.9293750000000001,
        0.9325,
        0.930625,
        0.91625
      ],
      "std": [
        0.009374999999999967,
        0.007499999999999951,
        0.008124999999999993,
        0.006249999999999978
      ]
    },
    "info": {
      "base_target_acc_seed0": 0.93875,
      "base_target_acc_seed1": 0.92
    }
  },
  "B_d1.5": {
    "random": {
      "K": [
        0,
        20,
        50,
        100
      ],
      "mean": [
        0.505,
        0.55,
        0.64875,
        0.65625
      ],
      "std": [
        0.03125,
        0.11874999999999997,
        0.036250000000000004,
        0.015000000000000013
      ]
    },
    "H_pred": {
      "K": [
        0,
        20,
        50,
        100
      ],
      "mean": [
        0.505,
        0.57875,
        0.606875,
        0.6756249999999999
      ],
      "std": [
        0.03125,
        0.10125000000000003,
        0.06187499999999996,
        0.01687500000000003
      ]
    },
    "BALD": {
      "K": [
        0,
        20,
        50,
        100
      ],
      "mean": [
        0.505,
        0.619375,
        0.653125,
        0.661875
      ],
      "std": [
        0.03125,
        0.049375,
        0.015625,
        0.016874999999999973
      ]
    },
    "info": {
      "base_target_acc_seed0": 0.47375,
      "base_target_acc_seed1": 0.53625
    }
  },
  "B_d3.0": {
    "random": {
      "K": [
        0,
        20,
        50,
        100
      ],
      "mean": [
        0.509375,
        0.5349999999999999,
        0.604375,
        0.60375
      ],
      "std": [
        0.02562500000000001,
        0.05499999999999999,
        0.0031250000000000444,
        0.020000000000000018
      ]
    },
    "H_pred": {
      "K": [
        0,
        20,
        50,
        100
      ],
      "mean": [
        0.509375,
        0.568125,
        0.6075,
        0.60625
      ],
      "std": [
        0.02562500000000001,
        0.051875000000000004,
        0.015000000000000013,
        0.0012500000000000289
      ]
    },
    "BALD": {
      "K": [
        0,
        20,
        50,
        100
      ],
      "mean": [
        0.509375,
        0.59625,
        0.583125,
        0.58375
      ],
      "std": [
        0.02562500000000001,
        0.0025000000000000022,
        0.0031250000000000444,
        0.003750000000000031
      ]
    },
    "info": {
      "base_target_acc_seed0": 0.48375,
      "base_target_acc_seed1": 0.535
    }
  }
}